bob michael,bobmichael@gmail.com,secure_password,secure_password
jon bill,jonbill@gmail.com,secure_password,secure_password
matt cook,mattcook@gmail.com,secure_password,secure_password
ryan kennedy,ryankennedy@gmail.com,secure_password,secure_password
stephanie brad,stephaniebrad@gmail.com,secure_password,secure_password